QRLQ4355058V8,Willy,Stokoe,Eggleson,New York,10034,Dunning,28501 Laurel Hill,693
TMHN2721493U5,Joline,Hiseman,Flaherty,Missouri,63136,Marquette,958 Farmco Plaza,6077
KNZE2288437O4,Brantley,Brewood,Waggitt,Florida,32835,Almo,2 Ludington Trail,788
DPLX0603587E0,Krista,Jarvie,Fritter,Texas,88535,Katie,3913 Welch Lane,8
AUHI2225116A7,Adriena,Wooton,Maddock,District of Columbia,20231,Hudson,47 Kipling Trail,63204
PPSP5848132R4,Euphemia,Methingam,Taverner,Texas,77030,Nova,2581 Raven Way,65
DSNM3889471F7,Lindy,Glanton,Hatcher,Colorado,81505,Warner,28 Blackbird Center,92
ITRT5968485O2,Billi,Wetherell,Avraham,Texas,76598,Loftsgordon,307 Starling Way,325
ABBF5790885A0,Candice,Yokel,Lanston,Texas,75251,Becker,2 Little Fleur Center,31733
EQDW3453976I2,Frances,Miall,Checketts,Texas,75799,Holmberg,96334 Veith Drive,6
NUWI8319648L8,Kimball,Guidi,McGahern,Texas,78749,Gina,1088 Corben Circle,4599
RIHM5640793X7,Teresita,Bossingham,Doogood,Colorado,80995,Laurel,5811 Old Shore Point,09
