Flipopia,Charita,Emma,Rhodes,Mexico,Gale,Violet,Buhler,048
Skalith,Emmett,Jansens,Burress,Mexico,Summit,Khaki,Hovde,621
Photofeed,Claudette,O'Corr,Boadby,Mexico,Ridgeview,Green,Center,12923
Jaloo,Aline,Upward,McAuslan,Mexico,Reindahl,Teal,Canary,57
Feedbug,Carolynn,Fonquernie,Doe,Mexico,Arapahoe,Violet,Algoma,55212
Gabvine,Damiano,Cianni,Warratt,Mexico,Atwood,Aquamarine,Ludington,81422
Plajo,Udell,Huish,Lacrouts,Mexico,Trailsway,Crimson,Fisk,0
Edgeclub,Elia,de Copeman,Shatliffe,Mexico,Blue Bill Park,Pink,West,68419
Devbug,Alain,Minchella,Goult,Mexico,Towne,Teal,Talmadge,4630
Ailane,Marilin,Izchaki,Tebbit,Mexico,Thompson,Maroon,Blue Bill Park,73
Aimbo,Roderick,Haslehurst,Umney,Mexico,Center,Crimson,Tomscot,48
Nlounge,Ninette,MacCaffery,Nesbit,Mexico,Talisman,Puce,East,67
